Sex,Age,Rate
female,0-20,0.099888
female,20-40,0.120090
female,40-60,0.038159
female,60-80,0.003367
male,0-20,0.050505
male,20-40,0.051627
male,40-60,0.017957
male,60-80,0.002245
